{"train/global_step":336,"eval/runtime":3.2513,"_wandb":{"runtime":273},"eval/steps_per_second":7.074,"eval/loss":2.0892598628997803,"train_steps_per_second":1.097,"_step":3,"train_runtime":306.1761,"train_samples_per_second":19.597,"train_loss":2.301592327299572,"train/epoch":3,"eval/samples_per_second":123.027,"total_flos":8.12049222795264e+14,"_runtime":149.60169001,"_timestamp":1.7345904250839884e+09}